{"cameraMode":{"drawMode":0,"name":"Shaded","section":"Shading Mode"},"sceneLighting":false,"audioPlay":false,"sceneViewState":{"m_AlwaysRefresh":false,"showFog":true,"showSkybox":false,"showFlares":true,"showImageEffects":true,"showParticleSystems":true,"showVisualEffectGraphs":true,"m_FxEnabled":true},"in2DMode":false,"pivot":{"x":-0.9199337959289551,"y":0.5610997676849365,"z":-0.08118593692779541},"rotation":{"x":0.03548068553209305,"y":0.9590107798576355,"z":-0.24417060613632203,"w":0.13935481011867524},"size":1.7973723411560059,"orthographic":false}